security_code,number_of_shares2
33230,67446500
90830,6022414
38080,9073214
59280,10305259
59290,224979134
59300,71693406
59320,31374048
59330,19810845
59820,16170560
60290,8786834
62690,56347591
65600,4104700
72390,34437588
83870,42435428
85590,5898685
91930,9947133
13190,30294793
13200,119293230
13210,269005670
13220,378020
13230,1014404
13240,13258550
13250,14079416
13260,251600000
13270,3067856
13280,1280958
13290,24899960
13300,128719660
13330,52626382
13430,153088871
13440,1127003
13450,116099940
13460,64253380
13480,741759843
13490,31765774
13520,8373687
13560,3410000
13570,130020000
13580,173582
13600,11980000
13640,11163222
13650,655000
13660,2580000
13670,144000
13680,430000
13690,12239396
13760,11739352
13770,44598851
13790,31682790
13800,4169123
13810,5615851
13830,1269700
13840,8459000
13850,130000
13860,43000
13870,4500
13880,3800
13890,5500
13900,31500
13910,76000
13920,31000
13930,5000
13940,4000
13970,2774182
13980,37970458
13990,7571671
14000,12434800
14070,25295260
14130,12604871
14140,26914307
14170,101578764
14180,19451649
14190,30055800
14200,12319117
14290,32276372
14300,13358509
14310,2527000
14320,1935000
14330,8226770
14340,6570655
14350,88767000
14360,4282800
14380,1451685
14390,1299120
14400,1610000
14430,16237209
14440,400000
14450,260700
14460,5151900
14470,19785769
14480,35314623
14490,710000
14500,2174900
14510,3906550
14560,4438168
14570,2071600
14580,928900
14590,3125100
14600,38131
14640,60000
14650,152000
14660,207900
14670,40000
14680,222000
14690,105000
14700,60000
14710,1140000
14720,120000
14730,104470990
14740,8568620
14750,146775580
14760,95478370
14770,6663667
14780,19956019
14790,2917129
14800,483562
14810,2162817
14820,2732559
14830,7153874
14840,29541771
14850,162573
14860,35800
14870,422500
14880,42600214
14890,937790
14900,1385535
14910,289649400
14920,278045
14930,682075
14940,731619
14950,232300
14960,4324551
14970,1571685
14980,836191
14990,630000
15140,54359035
15150,8320218
15180,13004915
15400,16083930
15410,3128243
15420,878150
15430,13907
15450,600000
15460,290000
15470,1806000
15500,3610000
15510,217678
15520,2016801
15530,1649051
15540,2070000
15550,4045500
15570,919132116
15590,200000
15600,120000
15630,416471
15660,409829
15670,11000
15680,910000
15700,20400000
15710,40290000
15720,90000
15730,100000
15740,300000
15750,220000
15760,53000
15770,3777484
15780,3822550
15790,1220000
15800,2852000
15840,164200000
15850,21066228
15860,18217082
15910,52935412
15920,142077905
15930,24321191
15950,86729498
15960,20509712
15970,71183115
15980,154028
15990,15094183
16050,1460199800
16100,1023700
16120,4673862
16130,1141003
16150,178446975
16170,20997
16180,20180
16190,101433
16200,57356
16210,134079
16220,334788
16230,14624
16240,227239
16250,309600
16260,70305
16270,96035
16280,298972
16290,35295
16300,30403
16310,275621
16320,12481
16330,34694
16340,19463
16350,25170
16360,53239
16370,37109
16380,28257
16390,25009
16400,10804
16410,19036
16420,16999
16430,36543
16440,32465
16450,24292
16460,22280
16470,21720
16480,96696
16490,27307
16500,9103
16510,13082935
16520,707280
16530,1635726
16540,2024830
16550,1453670
16560,1585000
16570,3236268
16580,1735531
16590,1554151
16600,1007995
16620,57152569
16630,27116344
16700,1953412
16710,7575000
16720,52529802
16730,53340362
16740,3544976
16750,903467
16760,904311
16770,480200
16780,35790000
16790,25000
16800,5700000
16810,4544630
16820,1940000
16830,14260
16840,26240646
16850,12299242
16860,19892498
16870,61883020
16880,6901879
16890,1189808070
16900,69864617
16910,252581
16920,26214960
16930,7233367
16940,45911756
16950,111428642
16960,40413055
16970,606861
16980,9143164
16990,37340000
17110,4202134
17120,16818831
17160,5691668
17170,11977675
17180,1093245
17190,199776567
17200,106613520
17210,128700644
17220,43060447
17230,8003688
17240,3654829
17260,39224004
17280,11505686
17300,3413806
17340,630860
17360,5249816
17370,12772055
17380,4053103
17390,6086320
17430,758202
17570,123083065
17580,675474
17620,34818697
17640,1141805
17660,13448568
17680,7335507
17700,9102447
17710,5040238
17730,10910559429
17750,8993340
17760,9121835
17770,11964202
17800,18404060
17820,784034
17830,57442659
17870,2529600
17880,685441
17890,6369007
17930,5107464
17950,865195
17980,2175884
17990,20529676
18010,218121340
18020,717637486
18030,784550407
18050,19244430
18070,3190435
18080,297383494
18100,30520977
18110,7162528
18120,518907211
18130,16191729
18140,10442376
18150,15605665
18200,54702940
18210,160579017
18220,17031248
18240,186503370
18260,15507532
18270,34371318
18280,10700916
18320,20293509
18330,37830404
18350,34425533
18400,24997701
18410,3535750
18440,14834736
18470,7244782
18480,17720787
18500,28828453
18520,8062247
18530,32749698
18600,306586111
18610,46601481
18650,54542252
18660,6292574
18670,3309413
18690,25244007
18700,43402777
18710,46816253
18730,45871421
18780,71877351
18790,58460958
18810,119086458
18820,5068415
18830,86420644
18840,8790264
18850,20899807
18870,88354454
18880,12954547
18900,94021790
18920,2058409
18930,285358890
18970,2735978
18980,40402759
18990,8838994
19040,6532954
19050,6783706
19060,18742210
19090,7081188
19110,181372832
19140,26902901
19210,39587498
19250,663801244
19260,51880522
19280,688151505
19290,41711035
19300,23326832
19340,71513107
19380,25151519
19390,7842119
19410,55608352
19420,204259013
19440,216951206
19450,33913370
19460,18691803
19480,1773971
19490,35580213
19500,61472610
19510,112611366
19520,23353261
19540,15645057
19590,71146452
19600,17231208
19610,59593462
19630,252306848
19640,7678713
19650,22151080
19660,6328984
19670,26165022
19680,18786433
19690,71619052
19710,2352079
19720,3856033
19730,49635192
19750,6385727
19760,52206901
19800,21965903
19810,11512829
19820,24056403
19830,97411789
19920,801363
19940,8735197
19970,1982228
19990,630452
20010,76597624
20020,297123412
20030,4578796
20040,31382968
20090,23273650
20310,260000
20320,60000
20330,60000
20340,150000
20350,1395000
20360,250000
20370,60000
20380,20000000
20390,700000
20400,260000
20410,900000
20420,1200000
20430,160000
20440,2500000
20450,200000
20460,360000
20470,60000
20480,600000
20530,30317122
20550,19312090
20580,3877111
20600,196785638
20650,200000
20660,300000
20670,600000
20680,200000
20690,200000
21070,5452756
21080,14192261
99640,10917274
21090,26451940
21120,27109351
21140,26852244
21170,22078948
21200,134165984
21210,75349550
21220,6782959
21240,40869691
21270,160852832
21300,12789254
21340,56013244
21360,3975201
21370,2089200
21380,11101134
21390,6800061
21440,10950432
21460,40363006
21480,19498001
21500,10605653
21510,23030117
21520,11782736
21530,6798620
21540,21192383
21560,3777672
21570,81318284
21580,38123166
21590,15570954
21600,13865686
21620,17161274
21630,10625591
21640,1843437
21680,39115757
21690,6820273
21700,105622243
21720,1605000
21730,7908518
21740,38101551
21750,86998428
21760,2998800
21780,27253940
21790,5525740
21800,7411739
21810,233448545
21830,22586555
21850,6964240
21860,8050623
21910,17408803
21930,107425439
21950,1169217
21980,29645956
22010,50301756
22040,5961630
22060,65812075
22070,16895170
22080,24024387
22090,13085082
22110,25775201
22120,217391476
22150,6923659
22160,3522596
22170,3558937
22180,2094003
22200,21084279
22210,5603705
22220,31119657
22240,3474760
22260,5334157
22290,133654053
22300,1806432
22640,49458374
22660,19484144
22670,160225836
22680,9635991
22690,145033263
22700,67700368
22810,50263693
22820,102912616
22860,8902946
22880,25434950
22910,3337188
22920,31666286
22930,2053704
22940,10467886
22960,295388855
23000,5261261
23010,14675138
23030,3184017
23040,5045430
23050,16984168
23070,7502837
23090,18573017
23110,8912038
23150,360665501
23170,97541789
23210,26054550
23230,2822319
23250,9747759
23260,13900680
23270,91500595
23290,44948554
23300,31382820
23310,101235485
23320,5168162
23340,2306279
23350,13555005
23360,807600
23370,488510230
23380,8043587
23400,16541125
23410,26393190
23420,17367720
23440,13133995
23450,3976294
23490,11355786
23510,7852182
23520,3958155
23530,332269374
23540,18030096
23590,14124917
23620,78243459
23700,118330423
23710,208632942
23720,11483470
23730,4519966
23740,24828618
23750,6654237
23760,6105983
23780,16280580
23790,55025424
23840,39717666
23850,26158200
23880,35755078
23890,22899995
23910,6630888
23930,15537966
23950,41632092
23970,5089606
23980,72162916
24020,4972733
24040,7755600
24050,4540877
24060,9940314
24080,7233015
24100,6720572
24110,15050000
24120,161512342
24130,678398198
24150,10878041
24180,47700166
24240,5709300
24250,3793400
24270,125584210
24280,18756952
24290,16836648
24320,145349764
24330,373049302
24350,11475863
24360,3988518
24370,6587100
24400,46835938
24450,42860629
24490,3996182
24520,447500
24530,31464659
24540,13126202
24590,7502800
24610,75759131
24620,18924047
24640,14064124
24670,8984000
24680,9357740
24690,9959552
24710,15800808
24750,19839275
24770,6477562
24790,8569600
24800,3528372
24810,5520633
24830,3318650
24840,40893326
24870,5650482
24880,5085424
24890,38750700
24910,32293659
24930,4424571
24970,23048850
24980,5676386
24990,9134000
25010,77885791
25020,458078972
25030,878103053
25100,890000
25110,1570000
25120,1440000
25130,760000
25140,190000
25150,1390000
25160,3440000
25170,24650410
25180,4031209
25190,270000
25200,370000
25210,2580000
25220,210000
25230,795400
25240,15517800
25250,2539997
25260,833668
25270,13146100
25280,7394610
25290,505100
25300,50000
25310,199630037
25330,60430524
25400,13735460
25510,2281508
25520,50000
25530,500000
25730,7304552
25790,179354373
25860,1949629
25870,309000000
25880,27412460
25900,16471493
25930,88552508
25935,34246962
25940,21404960
25970,13251770
25990,4822887
26020,34135891
26070,85957738
26080,1480927
26120,9199721
26130,16457284
26510,100058103
26520,6624762
26530,18807439
26540,14020754
26550,13141190
26560,13879800
26590,31963397
26640,22804894
26660,14450789
26670,6606600
26680,6807918
26690,9671300
26700,82532023
26730,10116700
26740,13484221
26750,7032746
26760,8905764
26780,51023766
26810,43884052
26830,2553684
26850,47063027
26860,42541814
26870,4936270
26890,5610584
26920,12687353
26930,11894490
26940,191507463
26950,19743033
26980,15917575
27000,1652470
27020,132959131
27030,12451229
27050,7238463
27060,8747270
27080,3701382
27140,8548279
27150,20473171
27210,2733480
27220,7477100
27260,21998743
27290,12643586
27300,111251297
27330,17704341
27340,61743264
27350,13397926
27360,1176216
27370,6801389
27420,19774573
27430,23886600
27470,1264030
27490,87551593
27500,7708009
27510,11958585
27520,21500914
27530,6848476
27540,4838299
27600,10174654
27610,8153575
27620,14387000
27630,32482349
27640,43173961
27670,33183700
27680,1249239057
27690,7832499
27730,6451907
27760,13778800
27770,3794187
27780,12041452
27800,10956467
27820,75839686
27840,211674363
27880,13841400
27890,6007356
27900,28562806
27910,14024180
27920,27863038
27950,5262790
27960,9239620
27980,2660755
28010,191977694
28020,548099841
28040,6705976
28050,12700484
28060,6948445
28090,143042891
28100,100750283
28110,88742441
28120,12267153
28130,818694
28140,6246518
28150,31821156
28160,9652712
28180,6074861
28190,10413259
28200,6935895
28300,8278078
28310,9410895
28710,133267066
28720,409196
28740,58610741
28750,102128896
28760,9105148
28770,12098165
28820,10157314
28830,6008273
28840,22024567
28920,4918905
28940,16877004
28970,104156734
28990,17877849
29010,6754521
29020,18207144
29030,12403730
29040,18425232
29050,3702639
29070,7610947
29080,29927072
29100,26566001
29110,1828958
29140,1773730949
29150,16475422
29160,11383908
29170,5071576
29180,17551498
29190,1910880
29220,12582751
29230,5044222
29240,8141542
29250,6397743
29260,14157800
29270,14063751
29280,556217468
29290,29037700
29300,138966800
29310,91942123
29700,1403257
29710,237000
29720,239600
29740,2940000
29750,18228656
29760,1000000
30010,35055483
30020,18073198
30030,657404510
30040,3767421
30100,53627816
30110,16745884
30200,2545425
30210,5174843
30230,11591550
30240,3894489
30280,40487133
30300,11263040
30310,18403543
30320,2441442
30340,38506096
30350,5722136
30360,25220465
30380,53397284
30390,590000
30400,18959260
30410,4049448
30420,3381776
30450,2148808
30460,23976509
30470,2398900
30480,175932504
30500,133604313
30530,20966180
30540,8642824
30550,23539275
30570,4316560
30580,7283394
30590,4870886
30630,8958395
30640,248340648
30650,3060721
30660,7416450
30670,8834693
30680,6331310
30690,41915123
30700,1863198
30710,27288500
30730,7652066
30750,13669350
30760,47359151
30770,5669561
30790,10827379
30800,12811720
30820,10224738
30830,2882764
30850,31834600
30860,261753147
30870,44182980
30880,102624046
30890,1765890
30910,15072191
30920,305295182
30930,11315769
30940,6332541
30960,9843879
30970,6019501
30980,24021021
30990,390015764
31010,88767450
31030,57658706
31040,11438089
31050,166351891
31060,21492276
31070,19229628
31090,10783732
31100,38802219
31110,6597498
31130,53636947
31160,185707225
31210,27867424
31230,13187993
31250,1955569
31310,1996400
31320,62565391
31330,3590400
31340,15837125
31350,5103580
31360,878809
31370,6384000
31380,3096020
31390,9816248
31400,14342635
31410,104282432
31430,3149740
31480,63218703
31500,11281328
31510,56356432
31530,21567866
31540,21788791
31560,30068849
31570,13273350
31590,92548924
31600,13250788
31610,5610354
31650,2461360
31660,13021022
31670,130948566
31680,14149410
31690,7110114
31710,7568148
31720,4249903
31730,6868505
31740,2474151
31750,7202644
31760,14315659
31770,919378
31780,19168010
31790,23604305
31800,6375518
31810,1771000
31820,33591376
31830,28708237
31840,2099936
31850,11747950
31860,72792778
31870,17369900
31890,4290661
31900,7055500
31910,69233694
31920,6662578
31930,11587562
31940,11213348
31950,8104693
31960,18497400
31970,197083700
31980,25729606
31990,9861452
32010,72694617
32020,29894438
32040,8918744
32050,32430114
32090,1402908
32210,10316939
32220,128271588
32230,1491219
32240,2753300
32260,484522
32270,1643125
32280,21217079
32300,18228656
32310,184550637
32320,99152945
32340,1874960
32360,27990435
32370,37070600
32380,7739959
32410,11344934
32420,25158038
32440,38367248
32450,39759088
32460,10156800
32480,3180854
32490,1698816
32500,346026761
32520,18039059
32540,62077641
32580,34220295
32600,1487959
32610,3837774
32640,58948922
32660,37464871
32670,5547728
32690,1350000
32710,13518524
32750,7713024
32760,18149016
32770,8447558
32780,907458
32790,771224
32800,6166833
32810,3833420
32820,640834
32830,2185950
32840,56956795
32860,4782812
32870,221862
32880,56255729
32890,719028215
32900,239908
32910,288381661
32920,1777347
32930,4017162
32940,6295200
32950,1251000
32960,449930
32970,2711940
32980,8887056
32990,24360941
33000,6804396
33020,26275276
33060,3666450
33080,74632
33090,3762091
33150,291030848
33160,6272485
33170,1445269
33190,18273750
33200,7320139
33210,7905466
33220,2826317
33260,1940455
33280,11937922
33290,8069742
33330,26158050
33410,14993810
33440,7555603
33460,8285186
33470,25876900
33490,19799567
33500,56304477
33520,2229653
33530,1906183
33550,19496056
33580,3873000
33590,10863429
33600,47630165
33610,19790245
33700,1633421
33710,13123778
33720,12256833
33740,2933467
33750,1456000
33760,4866918
33770,13965600
33820,884568599
33840,1776333
33850,19740219
33860,5928000
33870,93389367
33900,59953781
33910,48351930
33920,7373483
33930,9765189
33950,21303243
33960,6949698
33970,42582867
33990,2420444
34010,191812131
34020,1599871341
34050,347028670
34070,1396124949
34080,6132911
34090,1234970
34150,47272482
34160,2246525
34170,13990270
34180,8666258
34190,1127771
34200,7359732
34210,17563923
34220,11856965
34230,29908072
34240,2740428
34260,3989820
34310,6805779
34330,60794884
34340,9552522
34350,8175890
34360,293277964
34370,790547
34390,2531517
34400,6424650
34410,4615950
34420,1203962
34430,5857229
34440,12194987
34450,12807368
34460,5834980
34470,13988800
34510,283015
13320,311146208
34520,7954528
34530,507700
34540,14011738
34550,311001
34560,468500
34570,19421134
34580,25053249
34590,504100
34610,6209392
34620,4547300
34630,254974
34650,14191156
34660,1100000
34670,5700930
34680,540824
34690,3429798
34700,132340
34710,379000
34720,235347
34730,333001
34740,6438500
34750,7147580
34760,1581640
34770,1999741
34780,500000
34790,32672500
34800,4768895
34810,245815
34820,21263888
14010,7279000
34830,475000
34840,8911965
34860,7546880
34870,231150
34880,223400
34890,4980000
34900,950955
34910,8708067
34920,345500
34930,357143
34940,1565600
34950,1303300
34960,1461000
34970,2885200
34980,1368600
35010,6858179
35040,15497520
35120,19277659
35130,4753078
35150,931672
35210,42711947
35240,2593716
35260,5999494
35280,444310866
35290,16033551
35360,30325252
35370,3578476
35380,9339780
35390,26638650
35400,10000000
35410,21004730
35420,10279597
35430,45449990
35440,4594564
35450,9124984
35460,29945573
35470,9200520
35480,36410400
35490,31524114
35500,6287852
35510,8474612
35530,24498263
35560,9879500
35570,3011120
35580,11063180
35590,2238107
35600,2318041
35610,23646900
35620,3100520
35630,29012434
35640,43863100
35650,6632454
35660,2459896
35690,56090293
35710,12726807
35770,3335416
35780,1424366
35800,42903692
35830,2762976
35910,65178151
35930,30189938
35970,2883078
35980,14139091
36000,1376768
13820,761787
36040,5795634
36060,101128076
36070,8713677
36080,93998331
36110,9997148
36120,33286065
36220,6998887
36230,3187159
36240,5276767
36250,7250166
36260,84430630
36270,11483500
36280,3540169
36300,9785099
36320,236086942
36330,5195854
36340,2452817
36350,126403881
36360,16245884
36390,5139694
36400,5558468
36410,9893359
36450,5386385
36460,5478084
36470,14416881
36480,17816180
36490,25597267
36510,11772000
36520,3131331
36530,5382300
36550,6760461
36560,37531600
36570,37847066
36580,5532249
36600,64747092
36610,9026279
36620,19513638
36630,7199850
36640,19558308
36650,20821000
36660,19719800
36670,10316700
36680,127506031
36700,1196802
36710,1986412
36720,13996609
36730,87406537
36740,10252549
15690,1386000
36750,19562818
36760,21874594
36770,23670400
36780,12340948
36790,111063910
36800,15370100
36810,24172000
36820,6869416
36830,4850895
36860,20337200
36870,33007290
36880,25395498
36890,14612705
36900,6294019
36910,3430535
36920,8189941
36930,722600
36940,27511198
36950,1638520
36960,11036004
36970,14865240
36980,4905286
37080,13878617
37100,5140057
37110,14654255
37120,3349854
37190,18500495
37230,10279774
37260,6780700
37270,17118469
37330,5442657
37380,55728172
37390,5737264
37410,5119278
37440,8668632
37470,7185600
37500,6712630
37510,26874235
37530,9455588
37560,18249944
37580,23110454
37600,5223665
37620,19071641
37630,15140100
37650,711733122
37660,3496515
37680,3807600
37690,74295924
37700,12732499
37710,4179107
37720,8271868
37730,18267391
37740,45070489
37750,4913058
37760,53212225
37770,138385080
37780,36480056
37790,10472673
37820,41530300
37840,17717466
37870,2593067
37880,11519384
37910,4906958
37930,28389934
37940,17632403
37960,6901451
37980,5739933
37990,8502357
38000,8405141
38020,1605600
38030,2016241
38040,6492882
38070,38344300
38100,6792602
38140,2463500
38150,10078923
38160,2950202
38170,12336721
38220,8609160
38230,24294600
38240,903600
38250,56999200
38260,11008162
38300,7518609
38340,27805421
38350,22979136
38360,18783716
38370,9100656
38390,8197968
38400,28240000
38410,1924055
38420,2057167
38430,22195167
38440,15624137
38450,16031900
38470,1479713
38480,3012899
38490,1595400
38500,4954766
38510,5052353
38520,8020856
38530,16755509
38540,12521264
38560,5162566
38570,25558988
38580,10456955
38610,989619751
38630,115723013
38640,44661035
38650,189050432
38770,13351584
38780,10122969
38800,150092851
38910,10756685
38920,4949124
38950,7804679
38960,9974662
39000,15100112
39010,13150971
39020,40025997
39030,30116000
39040,15156436
39050,11904800
39060,3242345
39070,2888200
39080,4789768
39090,6776800
39100,5427688
39110,35382100
39120,9077837
39130,1915229
39140,6545387
39150,12304590
39160,15361302
39170,6599273
39180,4112624
39190,7625331
39200,5515539
39210,14815163
39220,6638171
39230,45303704
39240,5984787
39250,6729850
39260,30995637
39270,4215137
39280,8457846
39290,5928836
39300,2898092
39310,1792515
39320,13865840
39330,3836676
39340,5894413
39350,4793955
39360,1164658
39370,11483306
39380,238725788
39390,16043624
39400,5712435
39410,247589657
39430,3878221
39440,1089747
39450,1529075
39460,16345892
39470,9887062
39480,5782028
39500,19621512
39510,22326033
39520,4966986
39530,4811676
39540,4440039
39550,10294928
39560,5999940
39600,1469443
39610,2923358
39620,14051128
39630,26577636
39640,27521198
39650,5706946
39660,31599858
39670,5141928
39680,5731082
39690,7442961
39700,1964200
39740,1444936
39750,23553316
39760,1389950
39770,720000
39780,39961604
39790,3280499
39810,5877729
39830,8299906
39840,3715800
39850,10994112
39860,1536881
39870,5043929
39880,2572000
39890,18187013
39900,18910620
39910,9197126
39920,8457808
39930,26813600
39940,21919040
39950,10504240
39960,10756000
39970,3265084
39980,1266666
39990,4963457
40040,145874364
40050,1635013610
40080,13792116
40210,147782128
40220,7925976
40230,20265082
40250,8638726
40260,9151912
40270,23509324
40280,39965490
40310,9846854
40330,25131206
40410,30176195
40420,324735851
40430,69451610
40440,40470924
40450,131628894
40460,23201353
40470,57523519
40620,139721788
40630,415702150
40640,8187321
40780,16800907
40800,32531914
40820,24211593
40880,195761919
40910,432756985
40920,8796108
40930,6986232
40940,20047231
40950,120169962
40970,55204641
40980,3007754
40990,58420299
41000,5761236
41020,2251871
41070,5100343
41090,12912981
41120,7902011
41130,2866688
41140,39877653
41150,11476894
41160,18565837
41180,65221577
41190,1569957
41200,1369701
41240,1066294
41510,536892393
41820,213639727
41830,195057422
41850,220431196
41860,41671689
41870,22147947
41880,1419885843
41890,36940648
42020,326734108
42030,47060303
42040,464251227
42050,218498496
42060,65294438
42080,101041683
42120,44441508
42150,97371960
42160,19133063
42170,208221568
19790,34068716
42180,20721353
42200,64969504
42210,11916520
42220,3860450
42240,4609853
42280,45291245
42290,6929152
42310,20005868
42340,10974655
42350,6321767
42370,28574939
42380,8988110
42390,41449885
42400,5692640
42410,4380305
42420,2717061
42430,2322757
42450,11990002
42460,70853470
42470,1317346
42480,12528000
42490,16545115
42500,630000
42720,173144821
42740,4002535
42750,23673960
42820,44645498
42840,12297817
42860,10533120
42870,12706092
42880,3815649
42900,63950770
42930,126443060
42950,13259091
42980,20058470
42990,4873077
43010,17302001
43040,4774023
43070,233097847
43080,11633248
43100,9854339
43120,31158269
43160,3224928
43170,14328913
43180,18857403
43190,18503932
43200,7544266
43210,223433200
43230,5307520
43240,281895967
43260,40163969
43270,5977022
43310,12951680
43330,12102262
43340,8651128
43350,2389000
43360,2312527
43370,13702004
43410,3498203
43420,12252733
43430,19726941
43440,136162776
43450,42679155
43460,12791889
43470,77989896
43480,54696858
43490,338710
43500,30381485
43510,4259633
43550,10378995
43560,2855137
43610,1217819
43620,23747300
43640,8032921
43650,3236111
43660,10735745
43670,4891495
43680,35503798
43690,7811854
43800,2445357
43810,2302264
43820,6972314
43830,646540
43840,27701800
43850,150015845
43860,5617980
43870,2099050
43880,5038972
43890,5884200
43900,12239946
43910,3185966
43920,27986693
43930,3850365
43940,1320700
43950,5490000
43960,5034862
43970,7865677
43980,3982271
43990,17935650
44010,102983921
44030,84169886
44040,10225036
44060,37286347
44090,21328055
44100,25580545
44200,20341396
44210,1480000
44220,2802300
44230,49999939
44240,3302188
44290,2102300
44300,2336750
44310,9293900
44330,17899333
44340,1690000
44350,5418500
44360,12977900
44370,1652792
44380,1946200
44390,2400000
44400,1867000
44410,3215000
44420,7150000
44440,1627500
44450,1240000
44520,486671728
44610,10160886
44620,8154038
44630,15705851
44640,21740896
44650,5903626
44710,22044789
45020,1554781063
45030,1885836827
45060,397296303
45070,311287414
45080,560777611
45120,34707998
45140,28241217
45160,67354119
45170,11961606
45190,547360610
45210,39717962
45230,286520696
45240,4067453
45260,16390942
45270,113971083
45280,514120540
45300,82664225
45310,21826876
45340,39229986
45360,399135642
45380,8775603
45390,3595232
45400,76457731
45410,63739141
45430,742902716
45440,56957004
45470,46716379
45480,56403917
45490,36881788
45500,22394756
45510,28073775
45520,30799198
45530,49209117
45540,31152074
45550,43776784
45560,3689204
45570,5170809
45580,8396265
45590,47654658
45630,104530977
45640,153844600
45650,76375832
45680,647886641
45690,57285446
45700,8723460
45710,50162358
45720,10831335
45740,14344079
45750,6833650
45760,26275200
45780,542188440
45790,20397915
45810,79814655
45820,89182849
45830,31614354
45840,27641986
45850,15296450
45860,11989100
45870,123966948
45880,13930900
45910,14402900
45920,49733033
45930,49277178
45940,41993500
45950,9524617
45960,42302768
45970,105130795
45980,4369600
46110,28594772
46120,320784366
46130,257142934
46150,30977139
46160,996015
46170,60700886
46190,22010408
46200,31829164
46210,19218608
46230,4196220
46240,1906629
46250,6255983
46260,28309578
46270,7543477
46280,2696406
46290,4575280
46330,58399174
46340,58391511
46350,2702166
46360,23505335
46400,5177851
46410,19027955
46420,5769835
46440,9597635
46450,9911231
46490,5035555
46500,8954012
46510,47805223
46530,13439101
46570,4677818
46580,35092583
46590,8405373
46610,328781433
46620,15046580
24920,114284353
46640,2934880
46650,51613401
46660,154776146
46670,5542720
46680,26557026
46690,2269930
46710,10965722
46730,859359
46740,10940088
46760,231498995
46780,6709681
46790,4997054
46800,95261674
46810,107027789
46840,88950512
46850,1268554
46860,64224100
46890,5083756915
46900,841535
46940,42597263
46950,7792174
46960,9908774
46990,3595398
47040,138828688
47050,4134788
47070,5600449
47080,68920868
47090,11082832
47120,154231956
47140,147623669
47160,127910341
47180,15842870
47190,14040083
47200,8053133
47250,17611461
47260,19858721
47280,7580160
47320,252425961
47330,75164014
47340,7826410
47350,7785742
47360,5285834
47390,231029251
47430,27437997
47450,54291299
47460,9202193
47480,4997492
47500,6412889
47510,125944858
47520,4424831
47550,1352825962
47600,804235
47610,11199297
47620,8261596
47630,21312533
47640,34968800
47650,82892430
47660,10752882
47670,22468422
47680,189601252
47690,7731762
47700,6284784
47710,14426608
47720,16511117
47770,16513800
47790,29337700
47810,16078221
47830,7941368
47840,16175800
47920,18996667
48010,11265686
48090,9865243
48120,32582577
48130,38792054
48140,12706503
48160,40925835
48190,45955748
48200,35092694
48240,9743481
48250,10920253
48260,16446352
48270,4148900
48280,5857531
48290,40133000
48320,7852600
48330,20003115
48340,993000
48370,39876678
48380,11330797
48390,26991082
48400,7999507
48450,16956751
48470,26311167
48480,37158048
48490,45605616
48750,43061161
49010,409285351
49020,494655353
49110,399391928
49120,290665368
49140,19749016
49170,46785286
49180,3853174
49190,32739554
49200,2095856
49210,119957908
49220,57043517
49230,17911067
49250,3933575
49260,4277011
49270,221179303
49280,34156567
49290,7955597
49310,20581300
49510,22112456
49520,7830874
49550,12669398
49560,36249546
49570,10274686
49580,41450999
49600,16382783
49620,6322118
49630,30321361
49660,9001911
49670,78163163
49680,20639149
49700,7937222
49710,18970859
49720,8286076
49730,5771560
49740,120415600
49750,27141517
49760,1324033
49770,18373811
49780,71149141
49790,5412137
49800,60607200
49850,20232730
49870,25332786
49900,10593210
49920,27082466
49940,6925998
49950,958728
49960,125262509
49970,78775478
49980,16482939
49990,14935575
50080,12440248
50090,8304651
50100,19749255
50110,28671686
50130,13577341
50150,22957818
50170,77062489
50180,9591359
50190,291267661
50200,3319673039
50210,84307598
51010,160450611
51030,75848887
51040,3837614
51050,153923940
51080,730861179
51100,263007597
51210,23396855
51220,19040149
51420,15857055
51610,19578432
51620,4529044
51840,14364890
51850,16562961
51860,29171551
51870,9315367
51890,967594
51910,103828397
51920,30254886
51940,10857826
51950,45890883
51990,1269666
52010,221518314
52020,90574981
52040,4186507
52080,36218846
52100,10493125
52120,2055757
52140,96618955
52160,16142290
52170,773635
52180,24325462
52320,38571280
52330,122390364
52370,11403250
52610,5554394
52620,24664317
52680,13147543
52690,56447561
52710,1268922
52730,19725537
52770,7796581
52790,2896210
52800,7215141
52820,31284967
52830,1681037
52840,6118980
52850,983804
52870,2986112
52880,38089332
52900,9192007
53010,213153498
53020,11063631
53040,4065865
53100,20972819
53310,14369800
53320,169317280
53330,321780559
53340,208172263
53370,29665681
53410,1695086
53420,3607912
53430,23307768
53440,12343080
53510,9338574
53520,8424955
53550,1351653
53560,10405466
53570,21977743
53580,23551060
53630,44626429
53670,11935948
53800,353846
53810,11807372
53840,24648042
53860,7654926
53870,17251232
53880,14448148
53910,7623661
53930,66336569
53950,922138
54010,920523447
54060,362308265
54080,54137524
54100,14629739
54110,575847928
54230,136599344
54400,43459048
54440,66885353
54450,9327094
54460,3835481
54490,38921012
54510,29475620
54560,6999784
54580,3002412
54610,27572596
54630,82749073
54640,7851426
54710,42629494
54760,14656300
54800,154646949
54810,56225141
54820,19683041
54840,7528959
54860,427569911
54910,6694561
55410,19505619
55420,3343825
55630,146568067
56020,12532539
56030,3314463
56070,15219534
56090,5131750
56100,1354608
56120,3289975
56140,19658342
56310,73506026
56320,15384378
56440,3150604
56580,48398071
56590,6133794
56600,5912127
56950,2963422
56980,14638068
56990,1713490
57020,40490544
57030,619216871
57040,5253200
57060,57106875
57070,13578466
57110,130951042
57130,274787745
57140,59184775
57150,39541466
57210,100592685
57240,2555139
57260,36798685
57270,71173239
57290,2441008
57410,48236846
57420,5448619
57530,2360189
57570,8127796
57810,2318968
58010,70486369
58020,779894054
58030,285312469
58050,29823564
58070,6791084
58090,61783025
58160,12537037
58170,4686049
58190,6749546
58200,1141876
58210,14047490
58510,32369032
58520,25914370
58560,86991984
58570,39348857
59000,5872548
59010,193337856
59020,12188306
59030,5659972
59050,1348558
59060,14501145
59070,2863431
59090,29334224
59110,41354966
59120,119541608
59150,4720750
59180,2182307
59210,2911992
59220,1166693
59230,2203094
59350,767211
59360,6337543
59380,290094994
59390,779211
59400,126130454
59410,6302479
59420,21439745
59430,47810526
59450,4627585
59460,34739662
59470,51399692
59490,47925893
59500,16225299
59510,16185647
59520,11767996
59530,814249
59550,138550962
59560,9580110
59570,37192217
59580,3391842
59590,49829488
59620,960867
59640,1434067
59650,13106290
59660,2395667
59670,2073966
59690,933925
59700,42812238
59710,1357733
59730,6186749
59740,3387080
59750,52483036
59760,40806884
59790,1423710
59810,16122436
59830,1074287
59840,13900308
59850,31920814
59860,22405501
59870,1656039
59880,35814749
59890,28197563
59900,2041615
59910,237091120
59920,6262255
59930,9575683
59940,4401065
59970,4775220
59980,4093956
59990,10258315
60050,112573687
60130,82668356
60160,2795230
60180,3211844
60220,1504793
60230,31829465
60250,1596669
60260,1061166
60270,22234333
60280,36303531
60300,6750067
60310,2109186
60320,9694809
60330,5441010
60340,5672557
60350,17824493
60360,14101942
60370,11771932
60380,4442078
60390,2421677
60400,15880200
60420,1882370
60440,5827742
60450,7915657
60460,18646896
60470,23642174
60480,15112242
60500,10124501
60540,28140480
60550,102620946
60580,46545655
60590,19331023
60600,3842975
60610,4804578
60620,14004368
60630,2477740
60640,7928592
60650,10481814
60660,4810500
60670,5004586
60690,7306590
60700,12249145
60710,39381383
60720,22799699
60730,12341653
60740,3952484
60760,15203622
33560,16114961
60770,12886172
60780,5911579
60800,15604801
60810,14019156
60820,10509012
60830,7579115
60850,1611125
60860,5326788
60870,3979807
60880,19254639
60890,22236097
60900,5850766
60910,15067221
60920,6499132
33880,11456224
60930,41722350
60940,15760360
60950,9197848
60960,2289870
60970,9432825
60980,1670783960
60990,30299560
61010,51807688
61030,31573145
61040,24135569
61110,2411795
61120,999148
61130,356611606
61180,61734991
61210,6554293
61250,4003960
61310,3441853
61340,91344984
61350,24444004
61360,98004389
61370,4138017
61380,2972533
61400,55501892
61410,121798083
61420,3668663
61430,47043544
61440,15149792
61450,18067654
61460,35926348
61470,4434282
61490,5866992
61500,919966
61510,21247619
61550,10753255
61560,2399248
61570,12503523
61580,6428651
61590,6079770
61610,2719030
61640,5928062
61650,21742064
61660,6200900
61670,19999964
61710,14436400
61720,13526210
61730,2032331
61740,366666
61750,14570054
61760,14427712
61770,7847257
34640,7080457
61780,4043203999
61790,40000
61800,1739765
61810,10180971
61820,10295974
61830,73515620
61840,37608224
61850,12899229
61860,5434786
61870,17561335
61880,13499462
61890,9149887
61900,2922700
61910,19050400
61920,22872571
61930,2913653
61940,13273795
61950,1394095
61960,19104200
61970,94125486
61980,8503480
61990,13766361
62000,16788369
62010,310485172
62030,12384689
62050,7900768
62080,6379171
62100,20586554
62170,6389608
62180,6306580
62220,35511541
62320,10264605
62330,5391000
62350,41758969
62360,6334906
62370,22490400
62380,28295675
62390,3449687
62400,69189845
62450,15043596
62460,12395057
62470,28104913
62480,1873385
62490,14262879
62500,41487480
62540,9117464
62550,22051991
62560,11999814
62570,22395455
62580,10376316
62620,24810656
62640,13052903
62650,1532269
62660,13414773
62670,1766129
62680,124086293
62710,27731047
62720,26777829
62730,67219220
62740,18188624
62760,4243565
62770,8091578
62780,17276400
62790,6567441
62810,16072695
62820,31307568
62840,14991769
62860,6430819
62870,33563534
62890,27191623
62910,8940845
62920,7081779
62930,19987615
62940,8126085
62950,16915356
62970,8966560
62980,9012472
62990,16115852
63000,12419356
63010,943908946
63020,122525528
63030,3064961
63050,212654773
63060,7663431
63070,7771826
63090,9978339
63100,22590914
63120,16744520
63150,25009306
63160,4823050
63170,9364443
63190,49150258
63220,7184834
63230,17281481
63240,96263175
63250,11528926
63260,1232181427
63270,7647762
63280,6592133
63300,38333827
63310,7861031
63320,44504887
63330,19762555
63340,11388436
63350,8728383
63360,8153219
63370,5648347
63380,5460398
63390,53237569
63400,27668008
63420,1341722
63430,45007254
63450,77624980
63460,1233638
63470,2671452
63490,57837557
63510,25038256
63550,5292489
63560,14189640
63570,18451860
63580,4262585
36590,895818374
63600,1399694
63610,97893124
63620,3686073
63630,27275610
63640,29336828
63650,4296273
63660,258967373
63670,292508233
63680,11423137
63690,9039351
63700,112279619
63710,37850138
63730,10912550
63760,71187344
63780,19774422
63790,46226981
63800,1461639
63810,41738841
63820,16400744
63830,125814091
63840,6158500
63870,8033317
63900,11717724
63910,1655333
63920,2394211
63930,4103462
63950,126630245
63960,1104714
64000,7739991
64020,5558755
64030,4288659
64050,6477055
64060,80868718
64070,61920313
64080,1496906
64090,20416432
64110,5067805
64120,98638683
64130,35806341
64140,8387852
64160,1532031
64170,81175506
64180,29641696
64190,16700036
64200,20036559
64240,4398631
64250,78643784
64280,22495429
64300,14783060
64320,47697802
64330,6312716
64360,74733204
64390,1891595
64400,29295736
64440,27677106
64450,19331618
64480,259756646
64540,48907689
64550,45235941
64570,60772293
64580,26060549
64590,51149433
64600,234735549
64610,8224302
64620,9866315
64630,35484198
64640,40209362
64650,72420669
64660,2283973
64670,9051234
64690,7242419
64700,29012254
64710,512006094
64720,531142899
64730,342971341
64740,24848968
64790,415131573
64800,71649623
64810,126568007
64820,34035818
64840,8066966
64850,11373823
64860,49085538
64880,6382339
64890,18833224
64900,24447245
64920,1735442
64930,28884731
64940,30712923
64950,47855626
64960,3627463
64970,6672591
64980,94624917
65010,965606010
65020,536061162
65030,2145045229
65040,142845676
65050,8942440
65060,261813246
65070,29733991
65080,45371500
65130,6411870
65160,12105006
65170,20957899
65180,4470513
65310,3049850
65320,15109113
65330,8631147
65350,23844650
65370,6870400
65380,20960769
65390,24908068
65410,13823901
65420,3715669
65440,40290714
65450,5413351
65460,5367675
65470,12881858
65480,4689938
65490,2477907
65500,9813068
65510,7333427
65520,17870832
65530,10444661
65540,8750664
65550,4680000
65560,27599898
65570,2393300
65610,10889960
65620,17868130
65630,1224270
65640,3139150
65650,14175746
65660,15871400
65670,3164700
65680,7720200
65690,33564226
65700,5827000
65710,12400877
65720,28140000
65730,2059680
65740,2215310
65750,2984638
65760,700000
65770,1227900
65780,7135920
65790,1863973
65800,2612700
65840,36395247
65860,271467057
65880,54958335
65900,4408812
65910,39037607
65920,66358938
65940,294293922
65960,3726000
66150,19295153
66160,11288952
66170,16126509
66180,8367290
66190,31299298
66200,40014506
66220,24803630
66230,9490698
66240,95422976
66250,85521890
66260,2836528
66270,9097314
66280,124742590
66290,13477295
66300,55944190
66320,163943558
66330,9801367
66340,14904379
66350,2595859
66370,13028979
66380,30664233
66390,6554469
66400,16722611
66410,106874675
66430,4964690
66440,48921085
66450,205361564
66470,1375458
66480,3203214
66510,40459967
66520,31635212
66530,12090550
66540,5921170
66550,4226926
66560,3301769
66580,13974587
66590,5638844
66620,14630500
66630,5870493
66640,6177953
66660,7371350
66680,8583960
66700,98087448
66740,81834713
66750,5842618
66760,19700405
66770,10534629
66780,8476518
66950,176400
66960,3159389
66970,5331191
66980,6336000
66990,3614217
67010,259710137
67020,202683867
67030,86508086
67040,9900374
67060,12219347
67070,24232745
67090,13272632
67150,4414367
67180,16310433
67210,13041000
67220,6256807
67230,1691193409
67240,352237139
67270,162425099
67280,49279146
67300,11187597
67310,58089869
67340,1916805
67360,22585354
67400,846165797
67410,65288253
67420,62717787
67430,17791453
67440,60299379
67450,25033350
67470,41429951
67480,13148035
67500,42831892
67520,2332390472
67530,531311607
67540,137366359
67550,104626928
67570,4815898
67580,1250772666
67620,126288818
67630,9827660
67680,82042757
67690,10810079
67700,206104869
67710,6018231
67720,1550244
67750,8729124
67760,16596164
67770,11760635
67780,8070930
67790,19624751
67850,14385543
67860,19329960
67870,26173942
67880,7895342
67890,12555716
67940,22607359
67970,5770010
67980,6480517
68000,20236558
68030,28810614
68040,58458027
68060,36462729
68070,90919782
68090,33862096
68100,52840834
68140,31511435
68150,5881102
68170,27118578
68190,28473314
68200,14817062
68220,1289782
68230,12277198
68240,12360023
68260,23424498
68320,11999298
68340,9243881
68350,109671269
68360,1268170
68370,14329713
68380,4414646
68390,34118966
68400,918743
68410,266935361
68440,10299497
68450,142537468
68460,773743
68480,19832677
68490,85156082
68500,8471756
68520,1480745
68530,27652031
68550,10589321
68560,42170433
68570,197834255
68580,11165864
68590,22858027
68610,121264126
68620,7444799
68630,7305976
68640,6699124
68660,13626173
68670,3549289
68690,208719664
68700,5892667
68710,38157368
68740,4024379
68750,21763028
68770,18022510
68790,44053226
68810,49686196
68820,14142880
68880,9699500
68890,6023937
68900,37048134
68940,1368583
68970,8737377
68980,659532
68990,3126503
69010,4314992
69020,774873306
69040,21750898
69050,35544503
69070,7910284
69080,23566673
69120,8245250
69140,36807256
69150,12739527
69160,13231970
69180,6102387
69190,7266611
69200,45089004
69230,162842136
69240,7734148
69250,125547634
69260,22350643
69270,18098183
69280,6717991
69290,27172040
69300,10975338
69320,14776226
69370,32777941
69380,15598487
69410,21957948
69420,2688957
69430,822968
69440,2940742
69450,23924042
69460,2824018
69510,48313666
69520,246320924
69540,193830249
69550,34508537
69570,7706352
69580,59196894
69600,15218262
69610,12747481
69620,8072962
69640,9023356
69650,154797600
69660,37264335
69670,135090094
69690,2570294
69710,361753659
69730,3047790
69760,127662485
69770,1237609
69810,639770025
69820,2572655
69850,33119384
69860,42418743
69880,156849662
69890,8375966
69930,116965163
69940,32997133
69950,91249848
69960,69637127
69970,16283559
69980,2427739
69990,36777132
70030,80827294
70040,168544517
70110,335710742
70120,167045336
70130,154291608
70140,69065538
70180,1695368
70210,2065048
70220,32586085
70300,17130902
70330,5527371
70340,2568600
70350,4732364
70360,920000
70370,1526100
70380,2850978
70390,1706266
70400,6483156
44430,29432353
70410,5452465
70420,1219800
70430,2554400
70440,3544371
70450,1545000
70460,2050000
70470,11477150
70480,28578000
70490,2489500
70500,4328600
70560,600000
70570,3189500
70580,1506500
70590,4710000
70600,5152420
70610,7444000
70620,2328600
70630,2320500
70640,1267400
70650,1532000
70660,1968000
70670,1538600
71020,14433876
71050,74213167
71220,6882262
71480,88619106
71500,5530993
71570,51145000
71610,178671317
71620,13160196
71640,68781014
71670,1173083505
71690,18089402
71700,2958660
71720,29691382
71730,30373248
71750,2659918
71760,1428000
71770,117682785
71800,451513452
71810,562397500
71820,3748791650
71830,17976600
71840,66495879
71860,1232414332
71870,8794340
71890,152250192
71900,17382289
71910,22194445
71920,7004145
71960,10199782
71980,34887131
71990,13201198
72010,3912904489
72020,737509742
72030,2832439167
72050,573979333
72080,5123327
72110,1488312896
72120,18678443
72130,11353441
72140,5211105
72150,9377972
72170,5193625
72180,9760745
45770,12513720
72190,707605
72200,65118849
72220,135453379
72240,65188381
72260,39726802
72270,5709606
72280,2344003
72290,14818306
72300,65061505
72310,23495503
72350,14387938
72380,133244021
72400,172971632
72410,89477622
72420,25543597
72440,96128637
72450,47519929
72460,109901554
72470,33631174
72490,1154397
72500,60311412
72510,73958041
72540,20830685
72550,3828963
72560,38679295
72590,269488806
72610,629760122
72640,6042166
72650,1015221
72660,20793759
72670,1759561385
72690,461333010
72700,766761032
72710,11963330
72720,349329116
72730,1523420
72740,75965671
72760,160731216
72770,29325724
72780,48140115
72790,38018507
72800,44757730
72820,129435111
72830,62986900
72840,3500622
72870,57267454
72910,19385691
72920,12770796
72940,23769758
72960,49688055
72970,7054227
72980,24013355
72990,2054005
73050,5571160
73090,92701511
73130,67997725
73140,3093055
73150,47730735
73200,4985100
73210,372461595
73220,26027576
73230,5337357
73250,8307844
73260,22820530
73270,45586258
73990,6766089
74040,32614716
74080,26825142
74120,184087308
46870,24092166
74130,699785
74140,21859211
74160,16304224
74170,6367665
74190,50029627
74200,16455102
74210,48820430
74220,509204
74250,818558
74260,1110929
74270,6029601
74330,20554252
74340,4027942
74350,9238365
74380,26789705
47220,44707664
74410,6029834
74420,20111813
74430,6257776
74440,5374299
74450,27580285
74460,937323
74470,33252878
74480,14373185
74500,10768677
74510,57137597
74530,26269214
74550,50966661
74560,26332790
47540,4730097
74580,56653910
74590,222465009
74610,14832876
74620,720846
74630,45171316
74640,478777
74650,6911825
74660,5021100
74670,8831335
74720,4321124
74750,9255704
74760,18667052
74770,1419699
74800,13901741
74810,9048261
47760,45878365
74820,23254322
74830,37297197
74850,9626065
74860,12281925
74870,8370860
74900,6726504
74940,29116926
75000,3364563
75010,2476550
75020,12819557
75040,19312718
75050,1444982
75060,4702471
75080,12110582
75090,1500781
75100,14714768
75120,105652958
75130,77911797
75140,12320581
75150,752356
75160,34470665
75180,84671304
75190,2019635
75200,10261643
75210,7443463
75220,39092980
75230,11544704
75240,8028402
75250,8170697
75270,67942841
75310,3915691
75320,158294401
75330,8706200
75370,26135083
75380,13724920
75390,11566033
75440,7574695
75450,62093431
75500,145388899
75510,16038165
75520,21822949
75540,14979284
75550,5087674
75590,5728806
75610,9389898
75620,2138270
75640,81610432
75650,2288029
75670,5078736
75700,10132553
75710,34040189
75750,80414264
75770,14780974
75780,1249521
75810,48882131
75850,3811605
75870,10954105
75900,14578329
75910,8666124
75930,117349354
75940,8451044
75950,21353560
75960,13751937
75970,442111
75990,101407469
76000,26401340
76010,11787414
76020,20673038
76030,15336804
76040,8007523
76050,10208639
76060,28375420
76070,13323191
76080,8354917
76090,11087229
76100,54772300
76110,37997259
76120,74486411
76130,47243740
76140,6751181
76150,11942386
76160,75035653
76180,50205855
76190,8807857
76210,5234722
76230,3132535
76240,54761470
76250,10224829
76280,14746521
76300,31925462
76340,3262780
76350,5365167
76360,14257947
76370,11342008
76380,325945543
76400,12084518
76430,11426552
76460,8084755
76470,195378235
76490,61814047
76700,10343058
76710,2104036
76720,110100
76730,2666320
76740,2106900
76750,8781749
76760,1532500
76770,2880000
76780,4710420
77010,294567690
77020,24376917
77030,20615283
77050,10259942
77070,25066900
77090,13767841
77110,5868520
77130,7082324
77150,19387206
77160,86644830
77170,4834800
77180,35887764
77190,7130947
77210,16454759
77220,14015379
77230,5129047
77250,11046744
77260,5620586
77270,22404109
77290,41624390
77300,32808925
77310,396258874
77320,106031431
77330,1365683316
77340,23253542
77350,46658078
77390,40834309
77400,25734362
77410,379967603
77430,25033470
77440,35613839
77450,20488365
77460,23125690
77470,130074532
77480,3340181
77490,8477676
77510,1063833768
77520,724862648
77580,1711716
77600,16221218
77620,318282840
77680,1666563
77690,8261768
77710,19503208
77740,40609984
77750,28728441
77760,11459265
77770,28052854
77780,5798337
77790,137445671
77800,35230516
77810,1733259
77820,6208100
78050,5460400
78060,39729908
78070,4207560
78080,1815300
78090,2727553
78100,16723961
78110,8172337
78120,3068380
78130,3725328
78140,12508794
78150,2562391
78160,15448548
78170,30063127
78180,28608588
78190,13409873
78200,12528576
78210,31452008
78220,45295384
78230,32553461
78260,6181643
78270,1730897
78290,35296000
78310,24598110
78320,219790598
78330,9659761
78340,17227776
78360,24724500
78370,4212180
78380,46568450
78390,13771567
78400,39281864
78410,8729929
78440,51720679
78460,39443621
78470,6429536
78490,1919853
78500,2999480
78510,4730889
78550,2035755
78560,14466620
78570,4165443
78590,11883879
78600,43295422
78620,110996433
78630,3683385
78640,57047383
78650,4374247
78670,95239377
78680,24912295
78690,398218
78700,5999634
78710,20615547
78720,10627940
78730,403424521
78740,35299270
78750,8084154
78770,1266056
78780,374284
78830,15497354
78850,15196189
78860,1004787
78870,966962
78880,30483979
78910,2747369
78930,26919536
78940,1587401
78950,20148860
78960,1488890
78970,28352760
78980,9331581
78990,5239394
79010,377465
79030,364119
79050,26016654
79060,87437149
79080,49150446
79110,321833478
79120,301819601
79130,42781489
79140,8697452
79150,49912586
79160,3075551
79170,19032277
79180,31910600
79190,17179624
79210,11177251
79220,6192943
79250,14953651
79270,7186764
79280,3227900
79310,17164265
79320,2876486
79360,188882303
79370,17089872
79380,3157707
79400,9533290
79420,29809278
79430,36982769
79450,8899141
79460,1116094
79470,41339920
79490,9221698
79500,812263
79510,178219957
79520,8555006
79530,12509159
79550,36601004
79560,119760782
79570,1531293
79580,24128477
79590,10197285
79610,4144853
79620,28422465
79630,5004995
79650,67603234
79660,72215070
79700,81246074
79710,61688511
79720,45664317
79740,119124736
79750,1697049
79760,57105958
79790,15902879
79800,7111394
79810,73138634
79830,2905073
79840,118289309
79850,1197554
79860,1774590
79870,25729612
79880,103178405
79890,19458198
79900,11485901
79910,8678724
79920,14606612
79940,110147878
79950,17571444
79970,1703618
79990,4550369
80010,1510900422
80020,1735350887
80050,34272770
80060,4494236
80070,4495494
80080,22568522
80110,12098181
80120,124011933
80130,8210716
80140,24556361
80150,351887205
80160,137335513
80180,43705202
80200,83505536
80220,25380706
80230,13694272
80250,3982748
80280,506113256
80290,7674089
80300,3994893
80310,1738074088
80320,14092976
80350,163958394
80360,137526180
80370,33600906
80380,3817236
80390,2244057
80400,3335032
80410,5551290
80430,9739691
80440,3148322
80450,7067134
80460,3579826
80500,41215623
80510,94597832
80520,6260939
80530,1248914802
80560,100348095
80570,9778103
80580,1586977251
80590,10655246
80600,129667077
80610,12657613
80650,21454056
80660,24863366
80680,24542409
80700,26904672
80710,2173879
80720,697397
80740,22126595
60490,20916898
80750,8854944
80760,10067729
80770,25247956
80780,40635312
80790,16949440
80810,28482145
80840,21700222
80850,5297301
80860,163097623
80870,14496645
80880,49201103
80890,9377737
80900,10940341
80910,3404293
80930,6375269
80960,28597707
80970,69774468
80980,60496725
81010,6316096
81030,41763227
81040,15029528
81050,56244523
81070,111000547
81080,20189815
81110,22623846
81130,592522507
81140,75408067
81150,4868630
81170,18043328
81180,18235453
81190,2344633
81230,1825987
81250,51931079
81270,20548459
81290,68149831
81300,61285868
81310,61946238
81320,10876689
81330,112878644
81350,19575068
81360,84856718
81370,16042978
81380,1296263
81390,15335567
81400,23429710
81410,19229830
81420,10757334
81430,2349948
81440,6100431
81450,1761459
81470,5547714
81500,19178185
81510,24485583
81520,1940637
81530,30828590
81540,27447194
81550,32126826
81570,17227800
81580,24941824
81590,25238257
81600,25533628
81630,33208737
81650,40190286
81660,24365821
81670,46507720
81680,65137567
81710,31499235
81730,26622391
81740,41475134
81790,37324479
81810,2568484
81820,46350732
81840,42507987
81850,35565059
81860,27782846
81900,19154807
81940,46869176
81980,17825272
82000,24886595
82020,64469903
82030,33195887
82050,1361773
82070,26151853
82080,6838291
82090,2852266
82140,85925174
82150,1725355
82170,44623932
82180,50652406
82190,49979132
82250,625591
82270,36752012
82280,22051504
82300,18132692
82330,174733597
82370,52975251
82420,123592099
82440,40377355
82470,5611871
82490,18641566
82510,101098450
82520,217445650
82530,163410540
82540,3120207
82550,23342346
82560,20485540
82570,802317
82600,11457235
82670,841697245
82730,71658500
82750,25098171
82760,52449873
82780,38228182
82790,38830073
82810,44211980
82820,227667175
82830,63547248
82850,61571885
82870,52496580
82890,22971220
82910,66395908
82930,33585686
82980,5604217
83010,1000000
83030,245311385
83040,116677751
83060,12922453989
83080,2316821477
83090,378596918
83160,1395600502
83310,761399368
83340,426822768
83360,33494914
83370,62207114
83380,82532877
83410,74301790
83420,20265382
83430,17950569
83440,32592822
83450,17915145
83460,252057436
83490,9471588
83500,17578520
83540,190936131
83550,583903219
83560,37357493
83580,231651006
83590,495911925
83600,33020686
83610,41774113
83620,23860745
83630,28917126
83640,11579862
83650,5431055
83660,51135569
83670,32599917
83680,253731323
83690,75508407
83700,68366797
83770,131124823
83790,311416361
83810,156020296
83820,188316858
83830,9363634
83850,316472582
83860,29511946
83880,42940771
83920,15730389
83930,17233444
83950,16743610
83970,23943041
83980,6092843
83990,42858143
84100,1191632629
84110,25358536541
84160,10115636
84180,253603772
84210,708222
84240,30145345
84250,48856873
84390,105616028
84620,8901343
84730,228243892
85080,105871372
85110,92669135
85180,17703383
85210,8964624
85220,18806117
85240,393214590
85270,10847370
85300,21697179
85370,9487293
85400,2708172
85410,39111285
85420,11492522
85440,132004370
85500,104300278
85510,8557966
85540,8047556
85580,36903927
85600,5288426
85620,22976986
85630,12673660
85660,31216403
85700,215778106
85840,34366788
85850,1716965511
85860,116856782
85890,1524205616
85910,1281785345
85930,890496044
85940,7383199
85950,30930736
85960,22580370
86000,162489467
86010,1566287831
86040,3320727184
86090,198247948
86130,66504606
86140,83027636
86160,258366680
86170,9414692
86220,69454489
86240,41795423
86280,256809239
86300,372426159
86860,1347539809
86920,24999750
86970,535632828
86980,265722278
86990,39644276
87000,3991179
87030,333250731
87040,145790151
87050,10724754
87060,31901504
87070,23489113
87080,42924778
87090,5876331
87130,181393182
87140,279163075
87150,20209585
87250,583711749
87290,435025558
87320,31815298
87370,30100003
87390,201340190
87400,6624610
87420,9444398
87460,15437265
87470,8015771
87500,1145557775
87660,706556784
87690,16934070
87710,42505094
87720,32976000
87830,9486851
87890,201109600
87930,21532934
87950,611958309
87980,10321168
88010,979432902
88020,1388286139
88030,38681877
88040,209014367
88060,116626636
88180,52686624
88300,473940149
88350,7779339
88360,96013212
88410,96919841
88420,5980630
88440,33906528
88480,243815005
88500,52607459
88540,1554713
88600,35288472
88640,49759571
88690,24893684
88710,35261802
88760,149306463
88770,15430240
88810,46905828
88850,5274975
88860,1458222
88870,11849800
88890,17798392
88900,38449886
88910,2857769
88920,68471987
88930,19905161
88940,73688417
88970,108412693
88980,10577454
89030,4734451
89040,14580745
89050,227488330
89080,17999916
89090,33998130
89120,20250000
89140,12630869
89170,13876614
89180,1440726003
89190,38071439
89200,38306317
89220,774645247
89230,47539995
89250,337218907
89270,23613840
89280,5333474
65400,9871197
89290,11986622
89310,11099798
89340,48698856
89350,32685343
89380,5559922
89400,8931991
89440,24171615
89450,9582969
89460,17925000
89510,1412000
89520,1385210
89530,2618017
89540,2760000
89550,923000
65580,2212121
89560,1316995
89570,977600
89580,961884
89600,3055087
89610,1320000
89630,5666840
89640,496000
89660,1014847
89670,905073
89680,796000
89720,428510
89750,1532287
89760,491877
89770,695200
89790,253777
89840,2075000
89850,4462347
89860,1640060
89870,1305700
89950,2011848
89960,4069940
90010,211262539
90030,97983052
90050,607930052
90060,275387982
90070,360272398
90080,122102916
90090,169269500
90100,53106109
90120,1486042
90140,10978189
90170,3842514
90200,381160555
90210,192351606
90220,196076941
90240,309658959
90250,55460961
90270,6100376
90280,16529873
90290,12836258
90310,78858385
90330,30325990
90340,4979400
90350,34053852
90360,5415055
90370,19005318
90390,20534511
90400,746543
90410,190100182
90420,244740090
90440,113342774
90450,107187799
90460,8038605
90480,196501667
90490,1988189
90510,4736592
90520,22222015
90550,35315544
90570,7460894
90580,9783425
90590,10762913
90600,1368401
90620,94548534
90630,2027706
90640,394274466
90650,60504290
90660,19765481
90670,28887372
90680,20273443
90690,151837461
90700,9064267
90720,66096053
90730,3081570
90740,3308239
90750,50152827
90760,203865613
90770,6483212
90780,11031757
90810,12272019
90820,4130969
90850,2617601
90860,111549449
90870,993942
90900,32047476
90990,25457211
91010,168705366
91040,119594124
91070,93271910
91100,23566949
91150,32736755
91190,105807109
91270,1930459
91300,3823899
91420,160000000
91430,317602089
91710,12586925
91730,2194931
91760,14244051
91790,2935596
92010,348826743
92020,334629426
92060,2865368
92330,17984845
92600,14353028
92610,2158400
92620,5290923
92630,226043102
92640,1987600
92650,2552929
92660,3098000
92670,15357775
92680,5292489
92700,6089890
92710,2818700
92720,2418100
92730,9904720
92740,73142308
92750,10054430
92760,257000
92770,29934767
92780,17447413
92790,4896000
92810,138574
92820,102966
92830,121666
92840,231190
92850,46039
92860,91825
93010,87592039
93020,24836433
93030,85501223
93040,15204822
93050,10624726
93060,38178635
93070,16170847
93080,24872232
93100,64111046
93110,1414833
93120,6529226
93130,5833236
93180,472419547
93190,19022558
93220,7607917
93240,29177314
93250,10816354
93510,7702563
93530,1501314
93550,2697606
93570,29804430
93590,24805878
93600,2942053
93610,2583196
93620,1167878
93630,6215198
93640,119434693
93650,1465136
93660,5582121
93670,8897754
93680,12068251
93690,12428424
93750,71997633
93760,3690000
93770,13947938
93800,27810327
93810,23272767
93840,9717229
93850,6541995
93860,13867963
93880,172500
93990,32086814
94010,174666632
94020,26398565
94040,255345183
94050,40896968
94070,2192246
94080,5998964
94090,107161727
94120,297007848
94130,28278140
94140,17803895
94160,16232552
94170,9897110
94180,60063011
94190,10531174
94210,5292850
94220,44737816
94230,23422800
94240,160413235
94250,3409000
94280,9596915
94320,1902093808
94330,2351050672
94340,4787145170
94350,45884986
94360,27311726
94370,3335230961
94380,54698866
94390,11332052
94410,6413698
94440,6412219
94450,16693195
94460,10251872
94490,115095034
94500,9598880
94660,13519909
94670,9687280
94680,63255995
94700,9220866
94710,6265254
94740,52275378
94750,18177772
94760,3730583
94780,22314125
94790,32997441
95010,1602225666
95020,756639419
95030,893171298
95040,344241697
95050,208782016
95060,499238986
95070,205918659
69630,104506635
95080,472974375
95090,205509523
95110,51827674
95130,183048949
95140,21627099
95170,50603978
95190,75194800
95310,449945086
95320,415812799
95330,106335190
95340,17609081
95350,67730289
95360,37107165
95370,4793995
95390,10724846
95430,73875181
95510,25923350
96000,15898713
96010,13737316
96020,179660789
96030,57322328
96050,12621331
96100,5154038
96120,8081973
96130,1402499047
96160,38990696
96190,24598463
96210,14140158
96220,24162149
96240,8782895
96250,2750305
96270,35427484
96280,5616294
96290,6651228
96310,6383993
96320,2570686
96330,7677753
96350,1046454
96360,2788865
96370,3165964
96390,11112927
96400,16199554
96410,42102428
96430,530856
96440,8613126
96470,584916
96510,9839733
96560,10337423
96580,5827657
96610,12103063
96630,15390316
96640,4979426
96710,7686738
96720,28558218
96740,1757175
96750,8784218
96780,38739058
96790,1396434
96810,92297529
96820,23308345
96840,119207064
96850,5079519
96860,10485338
96870,5944797
96910,3498905
96920,34923826
96950,8939845
96960,9472772
96970,106751308
96980,8299151
96990,28037105
97010,3340842
97020,5105793
97040,253944575
97060,81228527
97070,8598121
97080,59324084
97090,18427939
97130,10242861
97150,41475246
97160,55631850
97170,17001098
97190,103830022
97200,1176251
97220,11981236
71850,6410348
97230,11091344
97260,27323851
97280,35123620
97290,36001399
97310,3809264
97330,8847056
97340,2600617
97350,218260352
97390,14899648
97400,14590002
97420,23765840
97430,47845356
97440,27904831
97460,26230485
97490,31294099
97530,9961448
97550,26112929
97570,50478229
97580,26036043
97590,41403736
97600,19780024
97610,3476039
97630,3333229
97650,16888704
97660,135233041
97670,1824242
97680,7139755
97690,11211991
97760,3423302
97780,591062
97800,949770
97820,5823046
97830,96326959
97870,49913929
72360,7959445
97880,22405269
97900,20675563
97910,7543835
97920,64346705
97930,42761399
97950,16448365
97970,7185967
97990,7772653
98100,32258781
98120,6408923
98160,8776980
98180,7620265
98200,1076709
98230,10794838
98240,9822904
72680,5995173
98260,822414
98270,12294987
98280,8828014
98290,956597
98300,65944414
98310,813320581
98320,79847904
98350,8065327
98360,5785313
98370,27380300
98420,40557738
98430,112223179
98450,25713127
98460,11526712
98490,663165
98500,22574235
98520,2066625
98530,6104478
98540,19408275
98560,31306585
98570,6329017
98610,64573670
98670,864590
98690,35650367
98720,9278453
98730,22350881
98760,27584168
98780,1667098
98800,14688382
98820,46109813
98850,15835992
98870,19056277
98880,11019465
98890,16499808
98900,9983478
98950,1793843
98960,30833859
98990,16038448
99000,26485062
99020,31403486
99030,7006365
99040,27204733
99060,8467770
99080,7847028
99090,875054
99130,8996425
99140,2286479
99190,31444012
99270,1093578
99280,30872776
99290,9642818
99300,18590826
99320,11057409
99340,27793079
99360,18757775
99410,1327466
99420,29442488
99430,16533571
99450,38288971
99460,28997733
99480,56247670
99500,2961857
99550,11558286
99560,53694268
99590,12380023
99600,13617142
99620,283632871
99660,4204566
74600,8262068
99670,1813150
99690,9603700
99720,16920398
99730,34720100
99740,20866900
99760,5385958
99770,5733760
99780,13976802
99790,20684078
99800,101294998
99820,9327347
99830,102050926
99840,1034789641
99860,6264673
99870,91272184
74880,5245463
99890,116893665
99900,29457036
99910,36397423
99920,6491619
99930,10890377
99940,10842105
99950,23913524
99960,8940792
99970,96913218
79020,3664964
82260,15119643
85150,483702954
89990,28857955
93580,43247313
13010,10819171
13050,2583005024
13060,5488517797
13080,2501550710
13090,131385
24380,16841059
24850,22403330
40610,86948758
44250,6906600
44260,999700
44270,8690558
56970,6044504
44280,1199400
46310,94646995
66940,2279906
67370,21320451
69470,23249689
48000,13902897
92320,14422201
13100,2603675
13110,2828986
13120,110120
13130,220400000
21960,11880055
65430,1931248
78790,16285268
80950,32579908
85720,1566614208
79230,5033247
79390,3724579
24170,3960301
